title,time,description,num_comments,num_upvotes,upvote_ratio,link_flair,nsfw,subreddit_title,redditor,url
"Flex fans, how do you feel about the newest addition to the flex seal family of products, flex shot, the easy way to caulk, bond, repair, and stop leaks fast?",1600189218.0,,0,1,1.0,,False,Ask Reddit...,MANINIMO,https://www.reddit.com/r/AskReddit/comments/itcuok/flex_fans_how_do_you_feel_about_the_newest/
[For Hire] - 3D Characters and Low Poly style / Starting at $60 - DM if you're interested :),1600189218.0,,0,1,1.0,[For Hire],False,Art Commissions,LucasSouza01,https://i.redd.it/6oi0lxvjecn51.jpg
Lily Collins,1600189218.0,,0,1,1.0,,False,Elite Celebs,Mn_222,https://i.redd.it/hai4innkecn51.jpg
The office go brrrr,1600189218.0,,0,1,1.0,,False,People Person's Paper People,CapitalistUSSR,https://i.redd.it/am4dzl7lecn51.jpg
Am I curvy enough for you? [OC],1600189218.0,,1,1,1.0,Unverified OC,True,"/r/curvy: Buxom babes, voluptuous vixens, curvy cuties, plump peaches, hotties w/ hourglass figures",ElectraLovexx,https://i.redd.it/rgref9blecn51.jpg
[09-15] COVID-19 Update,1600189218.0,,0,1,1.0,,False,ReferChina,InfiniteMotor9,https://www.referchina.com/2020/09/_09_15__COVID_19_Update_20222.html
The Stephanie Quest! - House Party,1600189218.0,,0,1,1.0,,False,World's Grumpiest Subreddit,GameGrumpsEpisodes,https://www.youtube.com/watch?v=zekvd38tgZo
What's a good case for the switch that fits in a carrying case?,1600189218.0,I started noticing small starches on my switch and decided it was time to buy a protective case but taking it out of its case every time to travel sounds like a pain. Are there any good cases that can be docked could fit in [this case ](https://www.walmart.com/ip/PowerA-Protection-Kit-for-Nintendo-Switch-8-bit-Mario/948414621),0,1,1.0,Question,False,"Nintendo Switch - News, Updates, & Information",IAmRob1010,https://www.reddit.com/r/NintendoSwitch/comments/itcuoc/whats_a_good_case_for_the_switch_that_fits_in_a/
Cheapest AM4 COU for B550 motherboard,1600189218.0,"Hey I hope you can help me. I wanted to build a new PC with the upcoming ryzen 4000 series CPUs. Now my PC died prematurely and I am thinking of buying everything and building with a cheap CPU to last until die new generation is out. Does anyone know the best CPU for this resolution or have a list of compatibility? 
Thank you very much for every response!",0,1,1.0,Help (CPU),False,The AMD Help subreddit.,Than3e,https://www.reddit.com/r/AMDHelp/comments/itcuob/cheapest_am4_cou_for_b550_motherboard/
How common is it to find black people who oppose liberal ideas and even BLM in the U.S.?,1600189218.0,"Last night, I listened to a multi-hour conversation of a black man lamenting the Democratic party and its liberal ideas to two white men. All three were clearly in their 50s or older. (This was at a bar and they were all drinking if it matters).

The comment that started the whole conversation was the black guy, who was very drunk, walks up to the two white guys and says, ""The only thing I learned from the liberals was that I [a black man] can't do anything.""

The two white guys lit up in joy as they realized they had an ally to vent with. It was a very typical GOP/conservative laden conversation about hating liberals. What stuck out to me was that the black guy says ""If you want to end racism, get rid of the Democratic party.""

Now, I over hear conversations like this all the time but this is the first time I've heard a black guy have it with white men. The other thing that stood out to me was that I was able to learn that all three of them are very privileged. The black guy is apparently a former NFL player.

I'm left thinking whether or not *privilege* itself is the cementing factor in certain conservative ideas and no so much culture, and that certain cultures simply foster privilege is different ways. For instance, I know that conservative black people exist, but in what volume I don't really know and I speculate that they may be surrounded by what is considered a privileged atmosphere, which may happen to be white or not (e.g., professional sports, politics, business, etc).",1,1,1.0,,False,AskPolitics: Questions for professionals,Obsidian743,https://www.reddit.com/r/Ask_Politics/comments/itcuo9/how_common_is_it_to_find_black_people_who_oppose/
My dog likes to cuddle her toys :),1600189217.0,,0,1,1.0,,False,A subreddit for cute and cuddly pictures,wafflemuncher21,https://i.redd.it/5emmc14lecn51.jpg
Les meilleurs arbres √† chats,1600189217.0,,0,1,1.0,,False,,Kerigme,https://meilleurtest.fr/comparatif-arbre-a-chat/
its Always like this,1600189217.0,,0,1,1.0,,False,/r/Memes the original since 2008,rachasiddhu,https://i.redd.it/6i93e06lecn51.jpg
Interiors of a Ruined Town,1600189217.0,,0,1,1.0,Battle Map,False,Inkarnate,Acidminded,https://i.redd.it/ckk9162jecn51.jpg
Train Station ( Mamiya 7 / 80mm / Kodak Portra 400),1600189217.0,,0,1,1.0,,False,Analog Photography,reality_revisited,https://i.redd.it/v2xf4ldgecn51.jpg
Desiree Dulce - I Thought I Was The Criminal [Brazzers],1600189217.0,,0,1,1.0,,True,High Cut,xxx_user,https://redgifs.com/watch/cavernouscookedanchovy
"‡¶¶‡¶ø‡¶≤‡ßç‡¶≤‡¶ø ‡¶¶‡¶æ‡¶ô‡ßç‡¶ó‡¶æ: ‡¶ú‡¶¨‡¶æ‡¶¨‡¶¶‡¶ø‡¶π‡¶ø‡¶∞ ‡¶∏‡¶Æ‡¶® ‡¶è‡¶°‡¶º‡¶æ‡¶≤ ‡¶´‡ßá‡¶∏‡¶¨‡ßÅ‡¶ï, ‡¶ö‡ßÇ‡¶°‡¶º‡¶æ‡¶®‡ßç‡¶§ ‡¶∏‡¶§‡¶∞‡ßç‡¶ï‡¶¨‡¶æ‡¶∞‡ßç‡¶§‡¶æ ‡¶™‡¶æ‡¶†‡¶æ‡¶ö‡ßç‡¶õ‡ßá ‡¶¶‡¶ø‡¶≤‡ßç‡¶≤‡¶ø ‡¶¨‡¶ø‡¶ß‡¶æ‡¶®‡¶∏‡¶≠‡¶æ‡¶∞ ‡¶™‡ßç‡¶Ø‡¶æ‡¶®‡ßá‡¶≤",1600189217.0,,0,1,1.0,,False,Bengali News,pbengalinews,https://news.pomento.in/bengali/‡¶¶‡¶ø‡¶≤‡ßç‡¶≤‡¶ø-‡¶¶‡¶æ‡¶ô‡ßç‡¶ó‡¶æ-‡¶ú‡¶¨‡¶æ‡¶¨‡¶¶‡¶ø‡¶π‡¶ø‡¶∞/?utm_source=SocialAutoPoster
Feeling cute üíï,1600189217.0,,0,1,1.0,,True,Sissies,Nyancat2077,https://i.redd.it/q8g825okecn51.jpg
Samantha Ruth PrabhuüëÖüëÖüå∫üå∫,1600189217.0,,0,1,1.0,,False,DesiIndianFantasies,Ok-Zookeepergame2287,https://i.redd.it/szmhj1jiecn51.jpg
"Finished my MG Barbatos, I tried to go all out this time. I used decals and detail parts. I think it turned out great.",1600189216.0,,0,1,1.0,PAINTING,False,Gunpla,Delta_Vortex_01,https://www.reddit.com/gallery/itcunx
Looking for starfrost scepter (offering diamonds let me know how much),1600189216.0,I‚Äôm offering 30k diamonds but if you feel that‚Äôs unfair just let me know how much you‚Äôd want for it :),0,1,1.0,Looking for...,False,RoyaleHighTrading,Little-ugly-doll,https://www.reddit.com/r/RoyaleHighTrading/comments/itcunw/looking_for_starfrost_scepter_offering_diamonds/
Want a taste before subscribing to my vip? My free page will give you just that üíã,1600189216.0,,1,1,1.0,,True,OnlyFans ShoutOut Page OnlyFans.com/Models101,SnooHobbies4892,https://i.redd.it/d264bv0lecn51.jpg
What is the worst human trait you‚Äôd never want your friends to have?,1600189216.0,,0,1,1.0,,False,Ask Reddit...,allnewcactus,https://www.reddit.com/r/AskReddit/comments/itcuns/what_is_the_worst_human_trait_youd_never_want/
Really want a hung twink?! Come check me out,1600189216.0,,0,1,1.0,9+ Inches,True,HungTwinks,zee24477,https://i.redd.it/zp0t2v4lecn51.jpg
[LSE] Filtronic - CEO Change,1600189216.0,"2020-09-15 -- LEEDS

Richard Gibbs appointed as new CEO of [Filtronic](https://www.aihitdata.com/company/018EC72B/filtronic/overview)

[About Filtronic](https://www.aihitdata.com/company/018EC72B/filtronic/overview): Filtronic is a designer and manufacturer of antennas, filters and mmWave products for the critical communications and wireless telecoms markets...
 Our specialist knowhow of RF design and manufacturing processes allows us to rapidly develop products to the most demanding customer specifications. Our..

Website: [filtronic.com](http://filtronic.com)",0,1,1.0,,False,Corporate News,aihitPulse,https://www.reddit.com/r/CorporateNews/comments/itcuno/lse_filtronic_ceo_change/
The Chemistry Specification,1600189216.0,"I don't understand what it means by:

'The principles of a simple time of flight mass spectrometer, limited to ionisation, acceleration to give all ions constant kinetic energy, ion drift, data analysis'

'Relative atomic mass and relative molecular mass in terms of C^(12) '

The first one seems to be more easier to understand (principles) but what about the other one?

TL;DR: I'm just trying to learn how to interpret the specification in order to make notes out of it.",0,1,1.0,‚ùî SUBJECT QUESTION,False,The Home of Sixth Form and A-Levels,Kanajo,https://www.reddit.com/r/6thForm/comments/itcunm/the_chemistry_specification/
what makes beastars a good furry anime?,1600189216.0,"ok, folks what's so great about Beastars and why does it make a great furry anime?",0,1,1.0,General Discussion,False,"Classic high school drama, Beastars",AnimeAlley2020,https://www.reddit.com/r/Beastars/comments/itcunn/what_makes_beastars_a_good_furry_anime/
Jennifer Auada,1600189216.0,,0,1,1.0,,True,High Cut,xxx_user,https://i.imgur.com/JwfBJeo.jpg
April E,1600189216.0,,0,1,1.0,,True,WaterNymphs,paredocks,https://i.imgur.com/JZIbBwg.jpg
Lithuania refreshes sidearms inventory,1600189216.0,,0,1,1.0,,False,Military Procurement around the World,Jurryaany,https://www.shephardmedia.com/news/landwarfareintl/lithuania-refreshes-sidearms-inventory/?utm_source=social&utm_medium=Sendible&utm_campaign=RSS
Jennifer Garner,1600189216.0,,0,1,1.0,,True,01VaLaMYs01,Valaky01,https://gfycat.com/ambitiousgiganticicefish
"The End, is only the Beginning",1600189216.0,,1,1,1.0,,False,conspiracy,fakeblockinc,https://www.youtube.com/watch?v=GIC12-urVsU
"[OC] - Wizard girl taking a nap [client's character, art by me]",1600189215.0,,0,1,1.0,Original Content,False,characterdrawing: where artists draw people's characters,ian_adi,https://i.redd.it/vta8qlu2ecn51.jpg
Weekly Single Thread - September 15,1600189215.0,"This is the place for your songs that you wish to share with the class.

While constructive criticism is encouraged, it is not required.  This is a place for basking in glory.",0,1,1.0,,False,experimental beat music producers,AutoModerator,https://www.reddit.com/r/futurebeatproducers/comments/itcune/weekly_single_thread_september_15/
Get 39% off store-wide at Bio Trust,1600189215.0,,0,1,1.0,,False,Couponifier,couponifier,https://couponifier.com/deal.php?id=97187
Cosmic Witch [eeve],1600189215.0,,0,1,1.0,,False,Blender 3D,Anthonybrambilla,https://www.reddit.com/gallery/itcunc
Patchnotes 1.10,1600189215.0,,0,1,1.0,,False,Legends of Runeterra,EmpressTeemo,https://playruneterra.com/en-us/news/patch-1-10-notes/
What is your least favourite grunt suit?,1600189215.0,"For me, it's the Union Flag from 00 solely because of its looks. The stubby torso amd overly-long legs makes it look like a 5-year-old on stilts. And the Flight mode looks stupid with the two fists sticking out in front, like it's trying to do a Rocket Punch and forgetting that the fists are supposed to detach first.

Tieren is a much nicer design.",0,1,1.0,,False,Gundam: A place for your favorite mecha universe.,TANKER_SQUAD,https://www.reddit.com/r/Gundam/comments/itcun8/what_is_your_least_favourite_grunt_suit/
Hot lesbians caught in public Lesbian Porn Video,1600189215.0,,1,1,1.0,,True,lesbians nsfw,inein,https://jerkdude.com/hot-lesbians-caught-in-public-lesbian-porn-video/
Companion app,1600189215.0,Can someone help me find where I can upgrade the companion app to get the extra chocobo saddlebag and what not? Could really use the storage,0,1,1.0,[Question],False,Final Fantasy X|V Online,Aniki356,https://www.reddit.com/r/ffxiv/comments/itcun6/companion_app/
whys is 682's regeneration so special?,1600189215.0,there are alot of indestructable scps or regenerative ones so why is lizard the indesctructable one?,0,1,1.0,:wTALKQ: Discussion,False,"Secure, Contain, Protect | The official subreddit for the SCP Wiki.",WarriorJeffo,https://www.reddit.com/r/SCP/comments/itcun5/whys_is_682s_regeneration_so_special/
[PROMOCODE] Save 40% on select maoo garden products,1600189215.0,,0,1,1.0,,False,BestTodayDeals,amzn-deals,https://freelook.now.sh/meta/aHR0cHM6Ly93d3cuYW1hem9uLmNvbS9wcm9tb2NvZGUvQTJTWkI0NE8yVVFFUlg+dGFnPWZsYWkwMS0yMA==?r=1&img=aHR0cHM6Ly9tLm1lZGlhLWFtYXpvbi5jb20vaW1hZ2VzL0kvNDFmVzFseC1Gd0wuX1NSNDAwLDQwMF8uanBn
"Europe after COVID, by Cl√©ment Beaune; the French minister for European affairs",1600189215.0,,0,1,1.0,,False,Europe,delarussieavecamour,https://www.atlanticcouncil.org/commentary/feature/europe-after-covid/
What else should I be adding into my routine?,1600189215.0,,0,1,1.0,Routine Help,False,Skin care for people over 30,Teelee222,https://i.redd.it/7qcx58jkecn51.jpg
"‚Ä™ü¶ãCute petiteü¶ã Cum to my page for fun üòú Customs, Couples content, Toy and Rope play. ‚ú®‚ú® OF: Izzy.820 Twitter: Izzy_820‚Ä¨",1600189214.0,,1,1,1.0,,True,Promote your OnlyFans account!,izzy_rain,https://i.redd.it/7ji8dmwkecn51.jpg
I know you want to see what naughty things I'm getting up to day to day! Come help me choose what outfit I'm gunna wear for you today on my poll. Link in comments ‚¨áÔ∏è,1600189214.0,,0,1,1.0,,True,Rae Mae,princessraedee,https://i.redd.it/josw94vkecn51.jpg
Mia Isabella packing that legendary cock,1600189214.0,,0,1,1.0,,True,,Johllys,https://redgifs.com/watch/desertedgloomycormorant
Jennifer Auada,1600189214.0,,0,1,1.0,,True,High Cut,xxx_user,https://i.imgur.com/lWYn2Dd.jpg
Hourly News Update,1600189214.0,"ü§ñ Mean Polarity = 0.05 | Mean Subjectivity = 0.2

SPX 3404.75| NASDAQ 11453.0| DOW 28004.0| OIL 40.32

* [U.S. median income hit record high before coronavirus hit, Census says](https://www.reuters.com/article/us-usa-economy-census/u-s-median-income-hit-record-high-before-coronavirus-hit-census-says-idUSKBN2662EY), Reuters 

* [U.S. manufacturing output rises, but momentum slackening as COVID-19 lingers](https://www.reuters.com/article/us-usa-economy-inflation/u-s-manufacturing-output-rises-but-momentum-slackening-as-covid-19-lingers-idUSKBN266218), Reuters 

* [Pent-Up Demand Drives Canada Home Sales and Prices to Record](https://www.bloomberg.com/news/articles/2020-09-15/pent-up-demand-drives-canadian-home-sales-and-prices-to-records?srnd=markets-vp), BBG 

* [Citigroup‚Äôs ‚ÄòNew‚Äô Problems Make It Hard to Buy the Bull Case](https://www.barrons.com/articles/citigroups-new-problems-make-it-hard-to-buy-the-bull-case-51600188268?mod=hp_LATEST), Barrons 

* [Bank of America sees net interest income stabilizing by end of the year: CEO](https://www.reuters.com/article/us-bank-of-america-conference/bank-of-america-sees-net-interest-income-stabilizing-by-end-of-the-year-ceo-idUSKBN2662V7), Reuters 

* [Walmart+ Is Here. So Is Amazon‚Äôs Luxury Stores Service.](https://www.barrons.com/articles/walmart-plus-subscription-service-amazon-luxury-stores-51600187314?mod=hp_LATEST), Barrons 

* [Target and these other retailers could benefit from the accelerated shift to e-commerce sales](https://www.cnbc.com/2020/09/15/target-and-these-retail-stocks-big-winners-in-shift-to-e-commerce.html), CNBC 

* [Stocks making the biggest moves midday: Netflix, Tesla, Nikola](https://www.cnbc.com/2020/09/15/stocks-making-the-biggest-moves-midday-netflix-tesla-nikola-lennar.html), CNBC 

* [Lufthansa could cut more planes and jobs than planned: sources](https://www.reuters.com/article/us-lufthansa-restructuring/lufthansa-could-cut-more-planes-and-jobs-than-planned-sources-idUSKBN2662UD), Reuters 

* [These 10 Internet Stocks Are Still Worth Buying](https://www.barrons.com/articles/these-10-internet-stocks-are-still-worth-buying-one-analyst-says-51600187073?mod=hp_LATEST), Barrons 

* [Kraft Heinz eyes $2 billion in cost cuts over 5 years, sees long-term organic sales growth of 1%-2%](https://www.cnbc.com/2020/09/15/kraft-heinz-targets-2-billion-in-cost-cuts-over-5-years-sees-long-term-organic-net-sales-growth-of-1percent-to-2percent.html), CNBC 

* [Dunkin' Donuts parent settles New York claims over cyberattacks](https://www.reuters.com/article/us-dunkin-brnds-new-york/dunkin-donuts-parent-settles-new-york-claims-over-cyberattacks-idUSKBN2662PX), Reuters 

* [Biden vs. Trump on the U.S. Economy](https://www.barrons.com/articles/biden-vs-trump-on-the-u-s-economy-51600186881?mod=hp_LATEST), Barrons 

* [AT&T CEO John Stankey Lays Out 4 Priorities](https://www.barrons.com/articles/att-ceo-john-stankey-lays-out-companys-4-priorities-hbo-max-5g-dividend-debt-51600186773?mod=hp_LATEST), Barrons 

* [Amazon's launch of luxury fashion shops is latest blow to struggling department stores](https://www.cnbc.com/2020/09/15/amazons-launch-into-luxury-fashion-deals-blow-to-us-department-stores.html), CNBC 

* [Goldman Names Kim Posnett Co-Head of Investment Banking Services](https://www.bloomberg.com/news/articles/2020-09-15/goldman-names-kim-posnett-co-head-of-investment-banking-services?srnd=technology-vp), BBG 

* [Gilead Is Buying Immunomedic. What the Bond Market Has to Say About the Deal.](https://www.barrons.com/articles/gilead-is-buying-immunomedic-what-the-bond-market-has-to-say-about-the-deal-51600186180?mod=hp_LATEST), Barrons 

* [Bull trend intact:  S&P 500, Nasdaq rally from major support](https://www.marketwatch.com/story/bull-trend-intact-sp-500-nasdaq-rally-from-major-support-2020-09-15?mod=hp_LATEST), Barrons 

* [Bayer settles thousands of U.S. Roundup cases with trial attorneys](https://www.reuters.com/article/us-bayer-lawsuit/bayer-settles-thousands-of-u-s-roundup-cases-with-trial-attorneys-idUSKBN2662QU), Reuters 

* [Bankers work hard to extend leeway for junk-rated loan borrowers](https://www.marketwatch.com/story/bankers-work-hard-to-extend-leeway-for-junk-rated-loan-borrowers-11600186130?mod=hp_LATEST), Barrons 

* [Kraft Heinz to sell part of cheese business to Lactalis in $3.2 billion deal](https://www.cnbc.com/2020/09/15/kraft-heinz-to-sell-part-of-cheese-business-to-lactalis-in-3point2-billion-deal.html), CNBC 

* [Apple ends Barclays credit-card partnership ahead of new devices: Bloomberg News](https://www.reuters.com/article/us-apple-barclays/apple-ends-barclays-credit-card-partnership-ahead-of-new-devices-bloomberg-news-idUSKBN2662P6), Reuters 

* [Trudeau to Announce Retaliatory Aluminum Tariffs Against U.S.](https://www.bloomberg.com/news/articles/2020-09-15/trudeau-to-announce-retaliatory-aluminum-tariffs-against-u-s?srnd=markets-vp), BBG 

* [IMF Chiefs Say Africa‚Äôs Recovery Needs Billions and Reforms](https://www.bloomberg.com/news/articles/2020-09-15/imf-chiefs-say-africa-s-recovery-needs-billions-and-reforms?srnd=markets-vp), BBG",0,1,1.0,>>:cake::partyparrot:News :partyparrot::cake:<<,False,Technical/Fundamental Signals,TradeFlags,https://www.reddit.com/r/tradeflags/comments/itcumr/hourly_news_update/
I request the top of the mornin coffee father,1600189214.0,,0,1,1.0,ToTM Coffee,False,The Official Jacksepticeye Subreddit,siren_head_is_near,https://i.redd.it/n6e4rhokecn51.jpg
"I just thought this was funny. If you watch the Progressive ‚ÄúMotaur‚Äù commercial where he is in the gym on the treadmill, you‚Äôll notice no one in the background is lifting any weights. Must be a liability thing.",1600189214.0,,0,1,1.0,,False,Advertising,HehroMaraFara,https://www.reddit.com/r/advertising/comments/itcumo/i_just_thought_this_was_funny_if_you_watch_the/
The Grand soir√©e skins are back,1600189214.0,,0,1,1.0,News,False,Apex Legends,Wattsonmaster667,https://twitter.com/shrugtal/status/1305913857437765635?s=21
[H] UHQ Accounts! Netflix/Hulu/Spotify/Disney+/HBO Max/Crunchyroll/NBA/UFC/NordVPN/IPVanish/Buffalo Wild Wings and more starting at just $2 each! [W] BTC/LTC/ETH/PayPal,1600189214.0,"[Autobuy Shop Link](https://ImMrMeme.github.io)

[Discord Server for support (and frequent giveaways!)](https://discord.com/invite/WVzFXxM)

Accounts currently in stock: Netflix, Hulu, Spotify Upgrades, Disney+, HBO Max, Crunchyroll, Funimation, Curiositystream, CBS All Access, NBA, UFC, WWE, NordVPN, IPVanish, Tunnelbear, Codeacademy, Duolingo Plus, Scribd, Buffalo Wild Wings and Insomnia Cookies.

Feel free to DM me here, either to ask a question, buy an account, or to request what accounts I should add next!

Have a nice day!",0,1,1.0,,False,Marketplace: what do you want it to be?,craftsygaming,https://www.reddit.com/r/marketplace/comments/itcuml/h_uhq_accounts_netflixhuluspotifydisneyhbo/
"I'm so obsessed with my own legs, that was my outfit to work, and I love have nails done. Love you girls üíï",1600189213.0,,0,1,1.0,,True,Natalie Jessica,JessicaHawkGlasgow,https://www.reddit.com/gallery/itcumk
yeh kya hua carry bhaiya,1600189213.0,,0,1,1.0,MEME,False,Saiman Says Subreddit,Dark_Pheonix_,https://i.redd.it/04xedok7ecn51.jpg
"The Crazy Horse Paris, the perfect french cabaret",1600189213.0,,0,1,1.0,News/Article,False,"Art History, from Prehistoric times to Contemporary",SonyaInWonder,https://unebrevehistoiredart.com/2017/08/28/totally-crazy/
Mental Toughness: 10 Rules for When You Feel Lost,1600189213.0,,0,1,1.0,,False,Zen Habits and Self-Growth,Andrian-TQM,https://www.youtube.com/watch?v=k1Q6m6zKSG4
Looking for a girl to please (26 F),1600189213.0,,0,1,1.0,chopped,True,ThickChixxx,ftm_ceci,https://i.redd.it/4vrwttgkecn51.jpg
Greater Jihad | Inward Jihad against Innerself,1600189213.0,,0,1,1.0,,False,Sultan Bahoo,Fahadkhan56,https://www.sultanulfaqr.com/greater-jihad/
Pic of Papa Bear after our W,1600189213.0,,0,1,1.0,,False,/r/CHIBears ‚â°GSH‚â°,Chutzvah,https://i.redd.it/w96x2kniecn51.jpg
Daddy Tittie Fucks Me With a Big Cumshot,1600189213.0,,0,1,1.0,,True,NSFW_Uncensored ,MeanCommercial,https://redgifs.com/watch/easyinsecurechevrotain
ARDENT SAVIOR C2 UPDATE :15/09/2020 17:00:12,1600189213.0,"LMR advises: ""Use SAGITTARIUS (((8286ac0e4777ecc2))) at injection point (((1506567547))) for ARDENT SAVIOR C2 ring. All are one, there are no pawns, burn the castle. Jianting Watches.""",0,1,1.0,,True,ardentsaviorops,ardentsaviorops,https://www.reddit.com/r/ardentsaviorops/comments/itcumb/ardent_savior_c2_update_15092020_170012/
Anyone know how to do this goal? I have 3 journey players on my lineup. Is it cause I‚Äôm doing it in seasons?,1600189213.0,,0,1,1.0,DISCUSSION,False,Madden Mobile Forums,KrackerJackery,https://i.redd.it/rtpfz5skecn51.jpg
Web Performance Profiling: Google.com,1600189213.0,,1,1,1.0,,False,Hacker News,qznc_bot2,https://requestmetrics.com/web-performance/performance-profiling-google
"After a weekend of raging against politics in sports, r/Conservative can't imagine why a coach would be upset about... a political action at a sporting event.",1600189213.0,,0,1,1.0,,False,Once in a blue moon...,JeffreyGeoffrey,https://conservativeus.com/video-football-players-suspended-from-team-for-carrying-thin-blue-thin-red-lines-flags-to-honor-the-first-responders/
Loving these new panties üíï,1600189212.0,,0,1,1.0,,True,Find naughty girls,emberivy,https://i.redd.it/xhemgtnkecn51.jpg
"Graphene Solar Cell Market Growth Opportunities, Industry Challenges, Size, Future Trends and Demand Analysis by 2026",1600189212.0,,0,1,1.0,,False,,madhushrikumar,https://www.marketwatch.com/press-release/graphene-solar-cell-market-growth-opportunities-industry-challenges-size-future-trends-and-demand-analysis-by-2026-2020-09-15?tesla=y
Thrilling Poops: Interview + EFRO with Cassie,1600189212.0,,1,1,1.0,,True,Cassie's Subreddit,CassieScat,https://imgur.com/a/IawAHEs
I would be OK with a Zoom debate,1600189212.0,"If there are cameras on the sides and behind each candidate as well as in front to ensure there are no answers being fed to them via prompter or earpiece. I'm sure President Trump would agree to these terms, but I'm equally sure Kamala Harris won't. Each camera can join as a participant, and the debate would be presented in Gallery view so we can all see what's going on.

The 'behind' shot needs to be slightly elevated to make sure there are no hidden screens on the podium.

I can say this is not foolproof, as there are alternative methods of feeding information that are absolutely invisible, like directional sound projection directly to the podium, but it wouldn't be very effective.",1,1,1.0,,False,Donald Trump - 45th President of the United States of America,Powerful-Newspaper-8,https://www.reddit.com/r/trump/comments/itcum0/i_would_be_ok_with_a_zoom_debate/
Silly lil princess üë∏üèª,1600189212.0,,0,2,1.0,,True,Traps Aren't Gay,PrincessPersephone1,https://i.redd.it/uy2w5afkecn51.jpg
My belly is making all of my lingerie way too tight üòÖ [oc] [f],1600189212.0,,0,1,1.0,,True,Underwear Gonewild,TheJensensPlay,https://i.redd.it/lkuplkokecn51.jpg
The shading and his words make me appreciate Vegeta so much more üî•,1600189212.0,,0,1,1.0,Fluff,False,DBZ: Dokkan Battle,Angwe83,https://i.redd.it/gu7sy2okecn51.jpg
Mushrooms love,1600189212.0,,0,1,1.0,,False,,Schonanthony,https://i.redd.it/zs36zmgkecn51.jpg
Did you know that if you use the lantern spell while holding friends they get to unlock it too ?,1600189212.0,,0,1,1.0,,False,Sky ,extraterrestrialdood,https://i.redd.it/3ow42rokecn51.jpg
Doing 3 New Moon readings,1600189212.0,"I‚Äôm doing 3 New Moon Readings! ‚ú®‚ú®‚ú® These readings are centered on what would be best for you to focus on manifesting through the New Moon on September 17th (in the US)! 

This New Moon is in Virgo! In my opinion, it feels like a great moon to think about manifesting money and stability. To think about both magical ways to surprisingly receive money and practical ways to get your finances in order! 

Sooooo... 

I have a number in my mind already! The first three people to guess the number will get the readings üòç

üßöüèΩüßöüèΩüßöüèΩ
The first three readings are guaranteed! I‚Äôll be doing a few more until my guides say to stop! 

Happy New Moon energy to you all üíöüíöüíö",0,1,1.0,Optional Donations,False,Psychic Subreddit,InnerDimensional,https://www.reddit.com/r/Psychic/comments/itculu/doing_3_new_moon_readings/
Skip The Dishes - Sign up and get $5 off your first delivery or pickup order over $15! Lots of great restaurants to choose from.,1600189212.0,,0,1,1.0,,False,Referral Codes,skipcredit,/user/skipcredit/comments/gl72rq/skip_the_dishes_sign_up_now_and_get_5_off_your/
Hope this is allowed. ü•∞,1600189212.0,,0,1,1.0,,True,ediblepusssy,lilymadoxofficial,https://redgifs.com/watch/unawarerevolvingasiaticmouflon
Sarah Harding,1600189212.0,,0,1,1.0,,False,British Celebs,CelebrityJunkie,https://i.imgur.com/FHrLr0D.jpg
North America Population Density (2016),1600189212.0,,0,1,1.0,Maps and infographics,False,A place for Latin Americans to gather - Foreigners welcome!,Superfan234,https://i.redd.it/3ksc3q9uq8n51.jpg
Healthcare pls.,1600189212.0,,0,1,1.0,,False,Goose,Hellothere6545,https://i.redd.it/zzrvsbuiecn51.png
Jennifer Auada,1600189211.0,,0,1,1.0,,True,High Cut,xxx_user,https://i.imgur.com/7JT89HH.jpg
"Small Modular Nuclear Market Growth Opportunities, Industry Challenges, Size, Future Trends and Demand Analysis by 2026",1600189211.0,,0,1,1.0,,False,,madhushrikumar,https://www.marketwatch.com/press-release/small-modular-nuclear-market-growth-opportunities-industry-challenges-size-future-trends-and-demand-analysis-by-2026-2020-09-15?tesla=y
"21F Anyone wanna trade? Horny and Bored, love to roleplay Sc: @sofiacoke20",1600189211.0,,0,1,1.0,,True,Sluttysells,esandyfordp3682,https://i.imgur.com/dy7hEEQ.jpg
I just fixed my mom's portable 196X Toya Phonograph. Please ID needle.,1600189211.0,,0,1,1.0,,False,Vintage Audio,MrAlester,https://gfycat.com/delightfulbetterkiwi
I want a PC Gamer for gaming my budget is 800 EUROS,1600189211.0,"Thanks for helping.

>**What will you be doing with this PC? Be as specific as possible, and include specific games or programs you will be using.**

for gaming (fortnite)

>**What is your maximum budget before rebates/shipping/taxes?** 

around 800 euros

>**When do you plan on building/buying the PC? Note: beyond a week or two from today means any build you receive will be out of date when you want to buy.** 

beyond a week

>**What, exactly, do you need included in the budget? (Tower/OS/monitor/keyboard/mouse/etc\)** 

just the pc

>**Which country (and state/province) will you be purchasing the parts in? If you're in US, do you have access to a Microcenter location?** 

france

>**If reusing any parts (including monitor(s)/keyboard/mouse/etc), what parts will you be reusing? Brands and models are appreciated.** 

first pc

>**Will you be overclocking? If yes, are you interested in overclocking right away, or down the line? CPU and/or GPU?** 

if necesarry/ recomended

>**Are there any specific features or items you want/need in the build? (ex: SSD, large amount of storage or a RAID setup, CUDA or OpenCL support, etc)**

no

>**Do you have any specific case preferences (Size like ITX/microATX/mid-tower/full-tower, styles, colors, window or not, LED lighting, etc), or a particular color theme preference for the components?**

the cheaper the better

>**Do you need a copy of Windows included in the budget? If you do need one included, do you have a preference?**

no

>**Extra info or particulars:**",0,1,1.0,,False,Tailor-designed builds.,edoulaX,https://www.reddit.com/r/buildapcforme/comments/itculh/i_want_a_pc_gamer_for_gaming_my_budget_is_800/
Stare and Cum Lesbian Porn Video,1600189211.0,,1,1,1.0,,True,lesbians nsfw,inein,https://jerkdude.com/stare-and-cum-lesbian-porn-video/
Creating a casual Master of Pendulum deck. Need some help.,1600189211.0,"I'm pretty new to yugioh, but after playing with friends a few times using my Master of Pendulum structure deck, I figured out that I like using Pendulum monsters to summon.  I'm not worried about any ban-list, as I play causally.

I ordered some cards to beef up the MoP structure deck, and I was wondering if I could get some help on what cards to use in the deck. The cards I have to work with are:

3x Lyla, Lightsworn Sorceress

3x Performapal Skullcrobat Joker

3x Chaos Hunter

2x Aroma Jar

3x Dragonpit Magician

3x Oafdragon Magician

3x Odd-Eyes Pendulum Dragon

3x Dragonpulse Magician

2x Sky Iris

3x Pendulum Call

3x Summoner's Art

3x Pendulum Shift

3x Child's Play

3x Sacred Sword of Seven Stars

3x Forbidden Dress 

3x Mystical Space Typhoon 

3x Traptrix Trap Hole Nightmare

2x Mirror Force

3x Eradicator Epidemic Virus

2x Solemn Wishes

Extra Deck:

3x Odd-Eyes Absolute Dragon

3x Rune-Eyes Pendulum Dragon

2x Number 74: Master of Blades

2x Number 6: Chronomaly Atlandis (I get this card would be pretty situational with the deck only having 3 6-stars to summon it, but it could work)

3x Number 11: Big Eye

1x Odd-Eyes Meteorburst Dragon

Don't think I'm gonna use them, but I also have 

2x Obelisk the Tormentor

2x Slifer the Sky Dragon

&#x200B;

I'm shooting for a 40 card deck (for consistency), and I'd prefer to not order any more cards.

Thanks everyone for any insight you may offer!",0,1,1.0,,False,Yu-Gi-Oh! 101 - Where duelists begin their journey to greatness!,Link11Link22,https://www.reddit.com/r/Yugioh101/comments/itculf/creating_a_casual_master_of_pendulum_deck_need/
WHOEVER HAS THE BEST OFFER FOR MY FR BAT CAN GET IT,1600189211.0,,0,1,1.0,,False,Adopt Me Roblox Trading,Mear7804,https://www.reddit.com/r/AdoptMeTrading/comments/itcule/whoever_has_the_best_offer_for_my_fr_bat_can_get/
Family Guy Season 14 Episode 04 - Family Guy Full Episodes Nocuts,1600189211.0,,0,1,1.0,,False,,woundassessment,https://www.youtube.com/watch?v=r6GxaU6Ydew&feature=share
Family Medicine Shelf UWorld Questions [Clinical],1600189211.0,"Started studying for my Family Medicine Shelf, was wondering if people who have taken it recommend doing the Ambulatory Medicine questions for this shelf in addition to the Family Medicine questions? My school does not take a shelf in ambulatory medicine. Don't know if this is a block I should save for Step 2 studying or not.",0,1,1.0,Clinical,False,/r/MedicalSchool,Midsouthyank,https://www.reddit.com/r/medicalschool/comments/itculc/family_medicine_shelf_uworld_questions_clinical/
On a scale of 1 - 10 how satisfied are you with your life? What would it take for you to be at a 10?,1600189211.0,,0,1,1.0,,False,Ask Reddit...,HistoryofHappiness,https://www.reddit.com/r/AskReddit/comments/itculb/on_a_scale_of_1_10_how_satisfied_are_you_with/
Thaiz Santos,1600189211.0,,0,1,1.0,,True,Juicy Brazilian Girls,jm_rio,https://www.reddit.com/gallery/itcula
why do the bodies in Among Us have giant ass cheeks?,1600189211.0,like I swear to god they have enough cake to feed Los Angeles for a week.,0,1,1.0,Other,False,Everything & Anything You Were Too Afraid To Ask,Dmitrii_Shostakovich,https://www.reddit.com/r/TooAfraidToAsk/comments/itcul9/why_do_the_bodies_in_among_us_have_giant_ass/
"Screw Compressor Market Growth Opportunities, Industry Challenges, Size, Future Trends and Demand Analysis by 2026",1600189211.0,,0,1,1.0,,False,,madhushrikumar,https://www.marketwatch.com/press-release/screw-compressor-market-growth-opportunities-industry-challenges-size-future-trends-and-demand-analysis-by-2026-2020-09-15?tesla=y
ü•¥ü•µ,1600189211.0,,0,1,1.0,,True,,dhali72,https://i.redd.it/etxd2oekecn51.jpg
"M4A Guys who Pretend to be girls, where the hell are you?!?!?!",1600189211.0,"




You don‚Äôt have to be shy or hide what you‚Äôre really doing. I‚Äôm looking for you specifically, cause honestly I find it WAY more fun. I‚Äôm looking for a partner that enjoys detailed flirty Rp as much as I do! Ideal something more long term rather than a quick one off. As I enjoy setting up a good role have a solid back and forth. Finding out what drives you wild so that I can use it against you ;) 

I‚Äôm into everything from D n D to sci fi to comics to sex comics. I enjoy flirting back and forth as we find the best role I like using reference pics or gifs or detailed descriptions. And I‚Äôm incredibly good at making sure that My Rp partner is having one hell of a time. 

Take a look at some of my kinks below and hopefully we share a few. I‚Äôd also love to hear some of your big kinks. We might share them as obviously I can‚Äôt list everything. I will say that I won‚Äôt try to force my kinks on you so don‚Äôt force yours on me. Respect my limits and I will respect yours. 

This next part of I am being honest is to just keep the mods happy. I personally like talking about different ideas and hear people‚Äôs different takes, I don‚Äôt want to do the same roles over and over and over, but nevertheless hear are some ideas. 

Personal Trainer - you‚Äôre a trophy wife, maybe a milf type. You keep very similar friends and lately they have all been recommending a new personal trainer. One who they say left them sore but still begging for more. 

Stranded - maybe it‚Äôs on the side of a very quiet mountain road or maybe just an empty parking lot late at night. It doesn‚Äôt matter where really cause you are stuck! Your car won‚Äôt start and you have no service or your phone is dead, no idea what you are gonna do until randomly a handsome stranger pulls up asking to help. 

Billionaire Sugar Daddy - title pretty much speaks for it self, some type of Instagram model finds the richest guy she has ever met, not only that but he‚Äôs hot too! 

There‚Äôs just a few but I would love to talk about so much more of those are not what you are feeling. 

Fair warning I do enjoy when things are a bit over the top. Not crazy or anything just a bit. 

-Huge tits
- Fat asses
-Massive cocks
-Slightly unrealistic sizes (not needed but I do prefer things at the upper end of realism)
-Dirty talk 
-Heavy flirting (both in and out of Rp)
-slutty clothes 
-tall heels 
-heavy make up 
-size queens 
-bimbos (looks not brains)
-cheating 
- being compared to lesser men
-girls who brag
-loud/rough/messy sex
-details
-people who put in just a bit of effort
-cuckolding
-huge loads
-cock worship
-muscle worship 

And so many more!

Not many limits either

-non con
-toilet play 
-futas


So send me a message and let‚Äôs have some fun. Just show me off the get go that you are into this as much as I am. Something hot in your message is a sure fire way to get me excited about you. I don‚Äôt often respond to ‚Äúsure sounds fun‚Äù or basic messages like that. 

Talk to you soon ;)",0,1,1.0,,True,Fulfill your fantasies,Hero-of-Coxville,https://www.reddit.com/r/EroticRolePlay/comments/itcul6/m4a_guys_who_pretend_to_be_girls_where_the_hell/
B&W,1600189210.0,,0,1,1.0,,False,Candice Swanepoel,itsme_matt,https://i.redd.it/qhvlsb8kecn51.jpg
[LSE] Petropavlovsk - CEO Change,1600189210.0,"2020-09-15 -- London

Mr Maksim Meshcheriakov appointed as new CEO of [Petropavlovsk](https://www.aihitdata.com/company/0230AFB5/petropavlovsk/overview)

[About Petropavlovsk](https://www.aihitdata.com/company/0230AFB5/petropavlovsk/overview): Petropavlovsk is one of Russia's major gold mining companies, in terms of both production and Reserves and Resources.

Website: [petropavlovsk.net](http://petropavlovsk.net)",0,1,1.0,,False,Corporate News,aihitPulse,https://www.reddit.com/r/CorporateNews/comments/itcul4/lse_petropavlovsk_ceo_change/
Why is everything on pre-order or backorder or delayed shipping? When is the supply gonna catch up?,1600189210.0,"I know the demand is super high right now, but do we think the suppliers are going to catch up? There's so many people promising October deliveries but how much can we trust those timelines?",0,1,1.0,,False,All things Ebikes ,Dontwant2leave,https://www.reddit.com/r/ebikes/comments/itcul3/why_is_everything_on_preorder_or_backorder_or/
She‚Äôs waiting for you...,1600189210.0,,0,1,1.0,Body,False,Fapping To Selena Gomez,hot_celebs_babes,https://i.redd.it/sp2aaqfkecn51.jpg
